index,dummy_index,Age,body weight,BMI,Creatinine clearance,Alb,T1,T2,T3,T4,T5,T6,T7,TO,TDM,expert
1,1,79,44.4,20.51906771,43.20833333,2.8,0 ,0 ,1 ,0 ,0 ,0 ,0 ,11,20.9,1
2,2,99,48.7,24.35735592,21.62582824,3.1,0 ,1 ,0 ,0 ,0 ,0 ,0 ,9,17.2,1
4,3,41,65.5,23.4298093,117.7740385,3.1,0 ,0 ,0 ,0 ,1 ,0 ,0 ,8,24.5,1
5,4,51,55.7,21.4085109,20.1805795,1.6,0 ,0 ,1 ,0 ,0 ,0 ,0 ,17,22.7,1
6,5,56,76.9,26.60899654,46.97207679,2.1,0 ,0 ,1 ,0 ,0 ,0 ,0 ,9,21,1
8,6,71,63,24.09464376,66.34615385,3,0 ,0 ,0 ,1 ,0 ,0 ,0 ,13,25.6,1
9,7,73,61,23.04383353,88.69357639,2.2,0 ,0 ,0 ,0 ,1 ,0 ,0 ,16,8.3,1
11,8,70,51.3,21.77211429,49.29505814,2.5,0 ,0 ,0 ,1 ,0 ,0 ,0 ,13,25.9,1
13,9,76,71.5,27.01039504,42.65473527,2.3,0 ,0 ,0 ,1 ,0 ,0 ,0 ,15,21.5,1
15,10,81,75.5,29.82679521,23.70423585,2.5,0 ,1 ,0 ,0 ,0 ,0 ,0 ,16,18.9,1
16,11,89,46.5,17.50159961,49.16044776,2.2,0 ,1 ,0 ,0 ,0 ,0 ,0 ,9,12.5,1
17,12,30,45,18.18674881,110.8870968,3.8,0 ,1 ,0 ,0 ,0 ,0 ,0 ,9,14.3,1
18,13,80,55.6,17.02779788,20.50147493,2.2,1 ,0 ,0 ,0 ,0 ,0 ,0 ,8,16,1
19,14,80,49.8,20.15228328,37.93010753,3.4,0 ,0 ,0 ,1 ,0 ,0 ,0 ,9,15.9,1
20,15,52,43.85,19.61946734,42.18081276,2.6,1 ,0 ,0 ,0 ,0 ,0 ,0 ,16,23.3,1
21,16,77,40.3,21.88493952,9.2225,2.4,0 ,0 ,1 ,0 ,0 ,0 ,0 ,13,18.6,1
23,17,65,40.2,17.06118898,16.42156863,2,0 ,0 ,0 ,0 ,1 ,0 ,0 ,10,19.6,1
24,18,64,55,19.48696145,29.77207977,3.5,0 ,0 ,1 ,0 ,0 ,0 ,0 ,10,21.2,1
26,19,79,62.7,24.80123413,12.12804414,2.4,0 ,1 ,0 ,0 ,0 ,0 ,0 ,9,25.4,1
27,20,77,73.5,27.49487978,43.75,2.8,0 ,0 ,0 ,0 ,1 ,0 ,0 ,16,26,1
28,21,23,47.7,20.11300388,173.3832237,2.8,0 ,1 ,0 ,0 ,0 ,0 ,0 ,15,23.3,1
29,22,77,56.2,24.13388552,72.06681034,2.2,0 ,0 ,0 ,0 ,1 ,0 ,0 ,16,41.4,1
30,23,62,57.8,20.95021931,45.37439614,2.4,0 ,0 ,0 ,1 ,0 ,0 ,0 ,15,28.8,1
32,24,89,36.1,13.25987144,23.45948012,2.4,0 ,0 ,0 ,1 ,0 ,0 ,0 ,14,12.4,1
34,25,64,49.8,18.15970034,58.40740741,2.5,0 ,1 ,0 ,0 ,0 ,0 ,0 ,9,18.9,1
37,26,61,66.8,26.42300542,103.2316119,2.7,0 ,0 ,0 ,1 ,0 ,0 ,0 ,16,40,1
40,27,77,47.25,19.44059633,38.63901869,2.5,0 ,1 ,0 ,0 ,0 ,0 ,0 ,11,16.5,1
41,28,74,66.45,23.94114909,70.82848837,2,1 ,0 ,0 ,0 ,0 ,0 ,0 ,11,15.6,1
42,29,25,46.35,16.69935681,149.8251488,2.9,0 ,1 ,0 ,0 ,0 ,0 ,0 ,10,16.7,1
43,30,74,63.2,23.07390404,43.23383085,1.5,0 ,1 ,0 ,0 ,0 ,0 ,0 ,9,21.6,1
47,31,87,49.9,23.99772238,28.12806557,2.2,1 ,0 ,0 ,0 ,0 ,0 ,0 ,13,10.2,1
49,32,76,53.2,19.00727028,31.52592593,2.1,0 ,1 ,0 ,0 ,0 ,0 ,0 ,8,24.9,1
50,33,72,46,17.74622893,38.78968254,3.3,0 ,0 ,0 ,1 ,0 ,0 ,0 ,10,18.6,1
55,34,69,60,21.10746656,55.81761006,2.3,0 ,0 ,0 ,0 ,0 ,0 ,1 ,11,25,1
56,35,44,65.1,21.35465256,173.6,2.9,1 ,0 ,0 ,0 ,0 ,0 ,0 ,12,14.5,1
57,36,63,63.6,22.00692042,64.77777778,2.7,0 ,0 ,1 ,0 ,0 ,0 ,0 ,9,18,1
58,37,77,61,23.18612299,79.6641791,2.3,0 ,0 ,1 ,0 ,0 ,0 ,0 ,16,23.8,1
60,38,72,56.3,20.95803145,42.20017637,2.8,0 ,0 ,0 ,0 ,1 ,0 ,0 ,9,16,1
61,39,73,44,17.62538055,28.43364198,3.7,1 ,0 ,0 ,0 ,0 ,0 ,0 ,9,22.4,1
64,40,73,64.5,23.32250615,100.0347222,2.9,0 ,0 ,1 ,0 ,0 ,0 ,0 ,18,13.6,1
65,41,68,73.7,24.51146684,47.85714286,2.4,0 ,0 ,0 ,1 ,0 ,0 ,0 ,15,18,1
67,42,54,45.6,17.03720088,77.80952381,2.5,0 ,1 ,0 ,0 ,0 ,0 ,0 ,14,17.2,1
76,43,92,55.5,20.36098747,31.09243697,2.9,0 ,0 ,0 ,1 ,0 ,0 ,0 ,15,17.9,1
80,44,84,41.9,16.08447767,47.9248366,2.4,0 ,0 ,1 ,0 ,0 ,0 ,0 ,12,21,1
81,45,84,41.9,16.08447767,42.32323232,2.2,0 ,1 ,0 ,0 ,0 ,0 ,0 ,11,21.2,1
82,46,84,37.5,14.88940744,34.72222222,2.1,0 ,0 ,0 ,1 ,0 ,0 ,0 ,11,31.1,1
84,47,73,45.9,17.70765017,79.09722222,2.3,1 ,0 ,0 ,0 ,0 ,0 ,0 ,9,20.7,1
85,48,77,46.4,17.87832796,6.195691203,2.7,0 ,0 ,1 ,0 ,0 ,0 ,0 ,9,24.1,1
86,49,73,57.7,21.98597775,31.21689276,2.5,0 ,1 ,0 ,0 ,0 ,0 ,0 ,9,25.4,1
87,50,73,56,21.33821064,51.08932462,2.1,0 ,0 ,0 ,1 ,0 ,0 ,0 ,9,33.1,1
88,51,91,44.4,19.52451646,68.67424242,2.7,1 ,0 ,0 ,0 ,0 ,0 ,0 ,13,17.7,1
89,52,84,77.6,25.63086273,62.22222222,2.5,0 ,0 ,0 ,1 ,0 ,0 ,0 ,12,27.5,1
90,53,40,64.3,26.79835509,138.0176768,2.4,1 ,0 ,0 ,0 ,0 ,0 ,0 ,12,18.5,1
92,54,71,56.75,20.84481175,14.08948618,1.8,0 ,1 ,0 ,0 ,0 ,0 ,0 ,10,16.9,1
93,55,66,57.8,22.10587951,61.24284078,2.4,0 ,0 ,0 ,1 ,0 ,0 ,0 ,14,26.8,1
95,56,49,56.55,17.9690608,40.84166667,3.2,0 ,0 ,1 ,0 ,0 ,0 ,0 ,14,31,1
96,57,86,47.3,18.89940721,27.08015267,2.3,0 ,0 ,1 ,0 ,0 ,0 ,0 ,10,18.4,1
103,58,61,66.15,23.9479206,56.70410156,3.7,0 ,1 ,0 ,0 ,0 ,0 ,0 ,15,29.2,1
104,59,44,56.9,19.64233687,67.73809524,3.1,1 ,0 ,0 ,0 ,0 ,0 ,0 ,8,18,1
106,60,56,51,22.36744002,23.96919431,2.7,0 ,0 ,1 ,0 ,0 ,0 ,0 ,10,25.6,1
109,61,30,53.9,22.34837004,44.58289101,2.1,0 ,1 ,0 ,0 ,0 ,0 ,0 ,9,29.1,1
116,62,68,66.4,23.2209971,62.64150943,3.1,0 ,0 ,0 ,0 ,1 ,0 ,0 ,11,16,1
117,63,88,56.4,20.71625344,110.0900901,1.3,0 ,0 ,1 ,0 ,0 ,0 ,0 ,12,18.8,1
118,64,38,58.3,19.96109811,103.2395833,4,0 ,0 ,1 ,0 ,0 ,0 ,0 ,14,30.6,1
119,65,77,50.8,20.4009182,90.71428571,2.7,0 ,0 ,0 ,0 ,1 ,0 ,0 ,13,17.8,1
120,66,59,75.3,24.81410839,122.7717391,2.3,0 ,1 ,0 ,0 ,0 ,0 ,0 ,10,28.2,1
122,67,74,48.8,18.92033145,44.21317829,2.4,0 ,1 ,0 ,0 ,0 ,0 ,0 ,9,26.1,1
123,68,54,60.8,24.11029827,85.4379085,3,0 ,1 ,0 ,0 ,0 ,0 ,0 ,9,30.6,1
124,69,45,58.7,25.34012754,37.8354486,3.2,0 ,0 ,1 ,0 ,0 ,0 ,0 ,17,31.7,1
126,70,77,54.1,19.35194936,54.41091954,1.8,0 ,0 ,0 ,0 ,1 ,0 ,0 ,16,22.6,1
127,71,35,77.8,24.44499186,166.8504902,1.9,0 ,0 ,0 ,1 ,0 ,0 ,0 ,11,26.3,1
129,72,72,44.45,16.85387294,41.98055556,2.9,0 ,1 ,0 ,0 ,0 ,0 ,0 ,21,16.1,1
131,73,73,43.1,15.23439764,39.70984598,2.9,0 ,0 ,1 ,0 ,0 ,0 ,0 ,10,23.1,1
134,74,75,54.1,19.39832909,74.00042088,2.1,0 ,0 ,1 ,0 ,0 ,0 ,0 ,10,20.3,1
135,75,55,52.4,17.50810251,167.1921922,2.5,1 ,0 ,0 ,0 ,0 ,0 ,0 ,16,18.2,1
136,76,77,54,22.50561703,72.69230769,2.5,0 ,0 ,1 ,0 ,0 ,0 ,0 ,16,20.3,1
138,77,78,50.2,20.44399303,105.4336043,1.7,0 ,0 ,0 ,1 ,0 ,0 ,0 ,9,16.5,1
140,78,91,51.8,22.86950475,28.00454309,2.5,0 ,1 ,0 ,0 ,0 ,0 ,0 ,10,13.5,1
141,79,67,101,31.48692155,134.7404971,3.1,0 ,0 ,0 ,1 ,0 ,0 ,0 ,9,23.9,1
142,80,74,40.6,18.18967078,15.66047855,3,0 ,1 ,0 ,0 ,0 ,0 ,0 ,9,34.1,1
144,81,19,34.5,11.13765496,123.3599291,3.6,1 ,0 ,0 ,0 ,0 ,0 ,0 ,14,25.6,1
149,82,69,53.55,19.10946673,30.34841954,2.1,0 ,0 ,1 ,0 ,0 ,0 ,0 ,10,22.4,1
150,83,52,65.4,27.22164412,70.77430556,3.3,0 ,0 ,1 ,0 ,0 ,0 ,0 ,9,32.5,1
153,84,73,52.1,18.26326514,37.0091179,3.2,0 ,0 ,0 ,0 ,0 ,1 ,0 ,11,22,1
154,85,54,85.3,30.62219783,103.9654195,3.3,0 ,1 ,0 ,0 ,0 ,0 ,0 ,11,23.8,1
156,86,84,54.2,20.39971395,45.82125604,2.2,1 ,0 ,0 ,0 ,0 ,0 ,0 ,9,20.7,1
157,87,81,42.9,19.53263726,34.74539729,2.4,0 ,0 ,0 ,1 ,0 ,0 ,0 ,14,20.9,1
2,88,72,40,18.5612782,76.45502646,1.9,0,0,1,0,0,0,0,10,15.3,0
6,89,77,68.5,25.6244798,43.75,3,0,1,0,0,0,0,0,10,26.7,0
10,90,79,39.8,15.78272814,35.82690972,2.6,0,0,1,0,0,0,0,14,9.7,0
21,91,71,46.3,20.85491645,89.79811508,2.5,1,0,0,0,0,0,0,8,9.8,0
22,92,72,49.2,22.28063089,101.2735043,3.5,1,0,0,0,0,0,0,15,11.8,0
25,93,50,62.6,25.29978835,59.38616071,2.9,1,0,0,0,0,0,0,19,16.2,0
29,94,72,61.8,23.81208336,75.8008658,3,0,0,0,1,0,0,0,9,17.5,0
31,95,71,56.4,19.24294698,59.3956044,3.7,0,0,0,0,1,0,0,8,20,0
33,96,51,54.6,20.03080929,164.6138211,2.9,1,0,0,0,0,0,0,9,7.7,0
34,97,39,84.3,32.48153119,162.1226478,3.5,0,0,1,0,0,0,0,8,16,0
35,98,65,76.5,25.23852051,25.05896226,2.9,0,1,0,0,0,0,0,11,17.4,0
36,99,65,75.1,24.80512617,69.22935103,3.9,1,0,0,0,0,0,0,10,22.3,0
39,100,65,46.4,17.98982334,91.2962963,3.3,1,0,0,0,0,0,0,13,15.3,0
40,101,66,44.2,17.15821857,107.2600309,3.2,0,0,0,0,1,0,0,9,12.5,0
41,102,66,49.9,19.37093002,103.7933201,3.1,0,1,0,0,0,0,0,5,13.5,0
43,103,75,77.5,34.86152776,81.46641933,1.8,0,0,0,0,1,0,0,17,18.2,0
44,104,71,53.4,20.72961248,63.17901235,2.9,0,0,0,0,1,0,0,20,10.7,0
45,105,73,57.8,21.72800819,68.95655271,2.6,1,0,0,0,0,0,0,11,14.8,0
51,106,73,79.7,28.17126432,30.39560565,2.5,0,1,0,0,0,0,0,12,17.4,0
53,107,69,54.4,19.88510503,78.88888889,2.6,0,0,0,0,1,0,0,9,9.8,0
59,108,79,58.2,22.36939559,21.07193732,2.4,0,0,0,0,1,0,0,7,20.9,0
69,109,73,60,21.05747849,54.20711974,3,1,0,0,0,0,0,0,11,24.9,0
71,110,57,47.3,20.66251989,78.55496704,2.3,0,0,0,0,1,0,0,10,12.1,0
72,111,79,56,16.90617075,28.24074074,2.9,1,0,0,0,0,0,0,9,26.2,0
75,112,70,44.8,19.16297986,54.44444444,2,0,0,0,0,1,0,0,19,19.3,0
80,113,81,57.4,22.33802886,33.83892886,3.1,0,0,0,0,1,0,0,10,19.8,0
81,114,19,49,21.77777778,205.8680556,3,0,1,0,0,0,0,0,19,10.9,0
82,115,25,51,18.55244376,119.7916667,2.8,0,0,0,0,1,0,0,17,20.8,0
83,116,73,65.9,23.54472014,91.52777778,2.6,0,0,0,1,0,0,0,17,28.4,0
84,117,73,47.3,17.2898064,16.92895299,3.3,0,1,0,0,0,0,0,10,9.1,0
86,118,22,41.9,15.3902663,58.69183286,3.5,1,0,0,0,0,0,0,8,30.4,0
87,119,69,40.9,15.39388009,77.56143162,2.3,0,0,0,0,1,0,0,18,9.5,0
88,120,36,74.6,25.90449575,68.19971871,1.9,1,0,0,0,0,0,0,17,15.9,0
90,121,98,49.3,21.91111111,30.17849794,2.6,0,0,1,0,0,0,0,15,25.6,0
91,122,73,69.7,23.61491894,27.71783001,2.3,0,0,0,1,0,0,0,11,31.2,0
92,123,70,50.4,17.56320314,33.33333333,3.6,1,0,0,0,0,0,0,10,12.5,0
94,124,86,55.05,21.39678858,89.75543478,1.4,0,0,0,0,1,0,0,18,9.5,0
98,125,80,52.4,18.90178467,67.17948718,2,0,0,0,1,0,0,0,10,8.2,0
99,126,88,54.5,21.69391675,67.86398467,1.8,0,0,0,1,0,0,0,16,7.9,0
100,127,82,43.6,17.33325488,51.6503268,1.5,0,0,1,0,0,0,0,9,31.4,0
101,128,78,53.3,20.5624783,34.50918964,2.1,0,0,0,0,1,0,0,8,23.5,0
102,129,79,56,20.56932966,33.64854216,2.1,1,0,0,0,0,0,0,12,18.6,0
103,130,71,51.9,20.78993751,64.05587121,2.4,0,0,0,1,0,0,0,11,26.4,0
105,131,58,65.1,22.3677827,130.0730994,2.5,0,0,0,0,1,0,0,8,8.6,0
106,132,76,64.3,24.26063544,116.6439909,2.1,0,0,0,0,1,0,0,15,15.2,0
107,133,61,63.1,21.96291365,67.21817691,3,0,0,0,1,0,0,0,15,28.8,0
110,134,49,49,19.26081701,99.3225891,3,0,0,0,1,0,0,0,16,21.6,0
114,135,65,55.8,21.52694726,114.8982558,3.5,0,1,0,0,0,0,0,19,12.9,0
117,136,78,50.3,20.20012176,43.31388889,1.9,0,1,0,0,0,0,0,11,17.3,0
118,137,47,39.4,16.19000657,105.5071138,1.4,1,0,0,0,0,0,0,13,21.5,0
120,138,18,46.9,20.900141,211.0907118,3.1,1,0,0,0,0,0,0,19,12.1,0
121,139,22,54.5,19.08196492,120.701952,4.1,0,0,1,0,0,0,0,11,15.3,0
122,140,20,67.6,24.03701701,125.1851852,1.7,1,0,0,0,0,0,0,9,9.8,0
124,141,83,36.4,15.36824035,35.49879227,2.5,0,0,0,0,1,0,0,14,9,0
125,142,76,44.1,17.55416016,33.22033898,2.1,0,1,0,0,0,0,0,9,27.9,0
126,143,76,47.2,19.54519329,52.44444444,2.5,0,1,0,0,0,0,0,12,25.5,0
127,144,65,56.4,24.41135734,37.54699248,3.2,0,0,0,1,0,0,0,19,31.4,0
128,145,20,52.6,22.2368401,41.54818325,3.4,1,0,0,0,0,0,0,9,29.9,0
129,146,77,42,19.59598674,84.42567568,3,0,0,0,0,1,0,0,11,17.6,0
130,147,81,48.7,19.70715252,71.26240079,2.1,0,0,0,0,1,0,0,9,25.9,0
131,148,71,41.7,14.98800959,44.40277778,2.2,0,0,0,1,0,0,0,8,18.3,0
133,149,85,48.25,17.78730366,16.67766466,3,0,0,0,0,0,1,0,9,28.9,0
137,150,35,47.6,19.50944405,295.0208333,2.3,0,0,0,0,0,1,0,10,8.1,0
138,151,54,32,13.63428751,16.69092673,3.1,0,0,0,0,0,0,1,21,11.3,0
140,152,73,38.1,16.25453666,64.11923759,3,0,0,0,0,0,0,1,10,16.1,0
141,153,22,44.5,18.21554019,127.9483431,3.2,0,0,0,0,0,1,0,13,18.7,0
143,154,65,73.95,26.20110544,64.19270833,2.5,0,0,0,0,0,0,1,10,12.8,0
152,155,59,67.45,29.23253015,65.8153699,2.7,0,0,0,0,0,1,0,9,14.7,0
153,156,76,54.7,20.6385188,66.60578387,2.8,0,0,0,0,0,1,0,17,16.4,0
163,157,41,38.8,15.94345825,103.0625,2.5,0,0,0,0,0,1,0,10,8,0
164,158,71,53.85,20.51897577,25.05157767,2.8,0,0,0,0,0,1,0,4,16.2,0
166,159,20,45.4,18.77565368,105.0925926,3.1,0,0,0,0,0,1,0,10,26.8,0
168,160,71,71.8,23.99010993,75.61355311,2.8,0,0,0,0,0,0,1,13,17.8,0
169,161,19,56.7,22.39972567,352.1494565,3.3,0,0,0,0,0,1,0,20,14.6,0
170,162,39,85,28.40054796,183.4401709,2.3,0,0,0,0,0,0,1,11,25,0
171,163,20,80,30.1102789,164.6090535,4,0,0,0,0,0,1,0,9,19.5,0
175,164,74,68.5,22.75577407,120.7532051,2.2,0,0,0,0,0,0,1,13,14.1,0
176,165,50,63.4,22.22439559,90.05681818,3.3,0,0,0,0,0,0,1,20,21,0
179,166,67,60.3,23.88193532,117.5721154,2.7,0,0,0,0,1,0,0,12,15.4,0
180,167,77,52.1,22.91052495,25.32638889,2.9,0,0,0,0,1,0,0,9,6,0
181,168,82,66.9,24.72260973,48.99242424,3.5,0,0,0,0,0,1,0,18,19.4,0