index,Gender,Age,"ICU, non-ICU",Height,body weight,BMI,Cre,Creatinine clearance,Alb,Timing1,Timing2,loading dose1,maintenance dose1,TDM,TDM_expected,TDM exclusion criteria
2,2,72,0,146.8,40,18.5612782,0.42,76.45502646,1.9,3,10,400mg 4 doses,400 mg,15.3,11.71,0
6,1,77,0,163.5,68.5,25.6244798,1.37,43.75,3,2,10,800mg 3 doses,300 mg,26.7,23.95,0
10,2,79,0,158.8,39.8,15.78272814,0.8,35.82690972,2.6,3,14,400mg 3 doses,200 mg,9.7,8.27,0
21,2,71,0,149,46.3,20.85491645,0.42,89.79811508,2.5,1,8,400mg 2 doses,200 mg,9.8,14.58,0
22,2,72,0,148.6,49.2,22.28063089,0.39,101.2735043,3.5,1,15,400mg 3 doses,0 mg,11.8,21.81,0
25,2,50,0,157.3,62.6,25.29978835,1.12,59.38616071,2.9,1,19,400mg 4 doses,0 mg,16.2,17.54,0
29,1,72,0,161.1,61.8,23.81208336,0.77,75.8008658,3,4,9,400mg 4 doses,400 mg,17.5,17.5,0
31,1,71,0,171.2,56.4,19.24294698,0.91,59.3956044,3.7,5,8,400mg 4 doses,400 mg,20,15.53,0
33,1,51,0,165.1,54.6,20.03080929,0.41,164.6138211,2.9,1,9,600mg 3 doses,300 mg,7.7,10.98,0
34,2,39,0,161.1,84.3,32.48153119,0.62,162.1226478,3.5,3,8,400mg 3 doses,0 mg,16,23.84,0
35,1,65,0,174.1,76.5,25.23852051,3.18,25.05896226,2.9,2,11,400mg 4 doses,400 mg,17.4,21.1,0
36,1,65,0,174,75.1,24.80512617,1.13,69.22935103,3.9,1,10,400mg 4 doses,400 mg,22.3,24.39,0
39,2,65,0,160.6,46.4,17.98982334,0.45,91.2962963,3.3,1,13,400mg 3 doses,400 mg,15.3,13.77,0
40,2,66,0,160.5,44.2,17.15821857,0.36,107.2600309,3.2,5,9,400mg 3 doses,400 mg,12.5,13.15,0
41,2,66,0,160.5,49.9,19.37093002,0.42,103.7933201,3.1,2,5,400mg 3 doses,400 mg,13.5,15.58,0
43,2,75,0,149.1,77.5,34.86152776,0.73,81.46641933,1.8,5,17,400mg 4 doses,400 mg,18.2,20.45,0
44,1,71,0,160.5,53.4,20.72961248,0.81,63.17901235,2.9,5,20,400mg 2 doses,300 mg,10.7,15.45,0
45,1,73,0,163.1,57.8,21.72800819,0.78,68.95655271,2.6,1,11,400mg 4 doses,400 mg,14.8,12.33,0
51,1,73,0,168.2,79.7,28.17126432,2.44,30.39560565,2.5,2,12,400mg 4 doses,400 mg,17.4,19.29,0
53,1,69,0,165.4,54.4,19.88510503,0.68,78.88888889,2.6,5,9,400mg 3 doses,400 mg,9.8,13.36,0
59,1,79,0,161.3,58.2,22.36939559,2.34,21.07193732,2.4,5,7,400mg 4 doses,400 mg,20.9,21.04,0
69,1,73,0,168.8,60,21.05747849,1.03,54.20711974,3,1,11,400mg 4 doses,400 mg,24.9,17.89,0
71,2,57,0,151.3,47.3,20.66251989,0.59,78.55496704,2.3,5,10,400mg 3 doses,300 mg,12.1,15.19,0
72,1,79,0,182,56,16.90617075,1.68,28.24074074,2.9,1,9,400mg 4 doses,400 mg,26.2,14.77,0
75,2,70,0,152.9,44.8,19.16297986,0.68,54.44444444,2,5,19,400mg 4 doses,0 mg,19.3,20.42,0
80,1,81,0,160.3,57.4,22.33802886,1.39,33.83892886,3.1,5,10,400mg 4 doses,400 mg,19.8,16.52,0
81,2,19,0,150,49,21.77777778,0.34,205.8680556,3,2,19,200mg 4 doses,0 mg,10.9,18.95,0
82,1,25,0,165.8,51,18.55244376,0.68,119.7916667,2.8,5,17,400mg 4 doses,0 mg,20.8,21.77,0
83,1,73,0,167.3,65.9,23.54472014,0.67,91.52777778,2.6,4,17,400mg 4 doses,400 mg,28.4,28.8,0
84,1,73,0,165.4,47.3,17.2898064,2.6,16.92895299,3.3,2,10,200mg 3 doses,0 mg,9.1,22.49,0
86,1,22,0,165,41.9,15.3902663,1.17,58.69183286,3.5,1,8,400mg 3 doses,0 mg,30.4,36.56,0
87,1,69,0,163,40.9,15.39388009,0.52,77.56143162,2.3,5,18,400mg 4 doses,0 mg,9.5,12.51,0
88,1,36,0,169.7,74.6,25.90449575,1.58,68.19971871,1.9,1,17,400mg 4 doses,0 mg,15.9,21.2,0
90,2,98,0,150,49.3,21.91111111,0.81,30.17849794,2.6,3,15,400mg 3 doses,0 mg,25.6,30.9,0
91,1,73,0,171.8,69.7,23.61491894,2.34,27.71783001,2.3,4,11,400mg 4 doses,400 mg,31.2,23.88,0
92,1,70,0,169.4,50.4,17.56320314,1.47,33.33333333,3.6,1,10,400mg 2 doses,200 mg,12.5,16.86,0
94,1,86,0,160.4,55.05,21.39678858,0.46,89.75543478,1.4,5,18,400mg 2 doses,400 mg,9.5,15.17,0
98,1,80,0,166.5,52.4,18.90178467,0.65,67.17948718,2,4,10,300mg 4 doses,300 mg,8.2,13.46,0
99,1,88,0,158.5,54.5,21.69391675,0.58,67.86398467,1.8,4,16,300mg 4 doses,300 mg,7.9,7.9,0
100,1,82,0,158.6,43.6,17.33325488,0.68,51.6503268,1.5,3,9,300mg 3 doses,0 mg,31.4,44.03,0
101,1,78,0,161,53.3,20.5624783,1.33,34.50918964,2.1,5,8,400mg 4 doses,400 mg,23.5,23.18,0
102,1,79,0,165,56,20.56932966,1.41,33.64854216,2.1,1,12,400mg 4 doses,0 mg,18.6,21.76,0
103,2,71,0,158,51.9,20.78993751,0.66,64.05587121,2.4,4,11,400mg 4 doses,400 mg,26.4,17.3,0
105,1,58,0,170.6,65.1,22.3677827,0.57,130.0730994,2.5,5,8,400mg 4 doses,400 mg,8.6,13.28,0
106,1,76,0,162.8,64.3,24.26063544,0.49,116.6439909,2.1,5,15,400mg 4 doses,0 mg,15.2,19.09,0
107,1,61,0,169.5,63.1,21.96291365,1.03,67.21817691,3,4,15,400mg 4 doses,400 mg,28.8,24.03,0
110,2,49,0,159.5,49,19.26081701,0.53,99.3225891,3,4,16,400mg 4 doses,400 mg,21.6,20.88,0
114,2,65,0,161,55.8,21.52694726,0.43,114.8982558,3.5,2,19,400mg 4 doses,0 mg,12.9,17.8,0
117,1,78,0,157.8,50.3,20.20012176,1,43.31388889,1.9,2,11,400mg 4 doses,400 mg,17.3,10.85,0
118,2,47,0,156,39.4,16.19000657,0.41,105.5071138,1.4,1,13,270mg 4 doses,270 mg,21.5,19.49,0
120,2,18,0,149.8,46.9,20.900141,0.32,211.0907118,3.1,1,19,400mg 3 doses,400 mg,12.1,12.17,0
121,1,22,0,169,54.5,19.08196492,0.74,120.701952,4.1,3,11,400mg 3 doses,0 mg,15.3,22.08,0
122,1,20,0,167.7,67.6,24.03701701,0.9,125.1851852,1.7,1,9,400mg 3 doses,400 mg,9.8,19.14,0
124,2,83,0,153.9,36.4,15.36824035,0.69,35.49879227,2.5,5,14,200mg 3 doses,200 mg,9,10.89,0
125,1,76,0,158.5,44.1,17.55416016,1.18,33.22033898,2.1,2,9,400mg 4 doses,400 mg,27.9,19.94,0
126,2,76,0,155.4,47.2,19.54519329,0.68,52.44444444,2.5,2,12,400mg 4 doses,400 mg,25.5,20.23,0
127,2,65,0,152,56.4,24.41135734,1.33,37.54699248,3.2,4,19,400mg 4 doses,400 mg,31.4,29.35,0
128,1,20,0,153.8,52.6,22.2368401,2.11,41.54818325,3.4,1,9,400mg 3 doses,0 mg,29.9,30.33,0
129,2,77,0,146.4,42,19.59598674,0.37,84.42567568,3,5,11,400mg 4 doses,400 mg,17.6,15.47,0
130,1,81,0,157.2,48.7,19.70715252,0.56,71.26240079,2.1,5,9,400mg 4 doses,400 mg,25.9,24.24,0
131,1,71,0,166.8,41.7,14.98800959,0.9,44.40277778,2.2,4,8,300mg 4 doses,300 mg,18.3,21.63,0
133,1,85,0,164.7,48.25,17.78730366,2.21,16.67766466,3,6,9,400mg 4 doses,400 mg,28.9,16.34,0
137,2,35,0,156.2,47.6,19.50944405,0.2,295.0208333,2.3,6,10,400mg 3 doses,0 mg,8.1,10.68,0
138,1,54,0,153.2,32,13.63428751,2.29,16.69092673,3.1,7,21,200mg 4 doses,0 mg,11.3,16.02,0
140,2,73,0,153.1,38.1,16.25453666,0.47,64.11923759,3,7,10,400mg 2 doses,300 mg,16.1,20.73,0
141,1,22,0,156.3,44.5,18.21554019,0.57,127.9483431,3.2,6,13,400mg 4 doses,0 mg,18.7,15.85,0
143,1,65,0,168,73.95,26.20110544,1.2,64.19270833,2.5,7,10,400mg 4 doses,400 mg,12.8,16.37,0
152,2,59,0,151.9,67.45,29.23253015,0.98,65.8153699,2.7,6,9,400mg 3 doses,400 mg,14.7,21.66,0
153,1,76,0,162.8,54.7,20.6385188,0.73,66.60578387,2.8,6,17,400mg 4 doses,0 mg,16.4,11.75,0
163,2,41,0,156,38.8,15.94345825,0.44,103.0625,2.5,6,10,200mg 3 doses,200 mg,8,15.22,0
164,1,71,0,162,53.85,20.51897577,2.06,25.05157767,2.8,6,4,500mg 3 doses,0 mg,16.2,16.45,0
166,1,20,0,155.5,45.4,18.77565368,0.72,105.0925926,3.1,6,10,400mg 3 doses,0 mg,26.8,29.49,0
168,1,71,0,173,71.8,23.99010993,0.91,75.61355311,2.8,7,13,400mg 4 doses,400 mg,17.8,20.89,0
169,2,19,0,159.1,56.7,22.39972567,0.23,352.1494565,3.3,6,20,400mg 4 doses,0 mg,14.6,22.49,0
170,1,39,0,173,85,28.40054796,0.65,183.4401709,2.3,7,11,800mg 3 doses,800 mg,25,18.57,0
171,1,20,0,163,80,30.1102789,0.81,164.6090535,4,6,9,400mg 3 doses,0 mg,19.5,27.71,0
175,1,74,0,173.5,68.5,22.75577407,0.52,120.7532051,2.2,7,13,700mg 2 doses,500 mg,14.1,15.87,0
176,1,50,0,168.9,63.4,22.22439559,0.88,90.05681818,3.3,7,20,600mg 4 doses,400 mg,21,19.41,0
179,1,67,0,158.9,60.3,23.88193532,0.52,117.5721154,2.7,5,12,400mg 3 doses,400 mg,15.4,23.15,0
180,2,77,0,150.8,52.1,22.91052495,1.53,25.32638889,2.9,5,9,400mg 1 doses,0 mg,6,21.75,0
181,1,82,0,164.5,66.9,24.72260973,1.1,48.99242424,3.5,6,18,400mg 4 doses,0 mg,19.4,25.09,0